index	file	resource_id	media_type	bytes	width	height	sha256
001	image_001.png	ba316792d66043b4b7dee46811d17775	image/png	85314	692	471	eb6d12ff15214365fe08a5561735f5f151ee265de68592248e00a26662a8e34d
002	image_002.png	9a95c95d98324bc5bd126fa2eff8dd40	image/png	77708	739	378	1b178a4c74d88d111dcf6cfc0ae0d7286e79af6a11fa5a866e83d8b681fae980
003	image_003.png	bedb7c6310ac41b2a374806c6a1b484a	image/png	113100	893	452	017ad4f66af582c1d16c2018141b0830753f894fc655183597015f1962984c73
004	image_004.png	8d0833e908304616917e51201eba966e	image/png	67986	1268	683	f4f29b41a2c129fbd792d3ce14956ac73a33960e2c092ac3ae9656e7faee8872
005	image_005.png	4e51af4f014145878c7cb5f528e3ca6a	image/png	60355	990	778	b2400018ab65a989797c11a0f076af51f7f9d9a8d55c0eea09f172d03429811c
006	image_006.png	c469de6834cd4003b984d71596d7c19d	image/png	117177	1392	692	c96423eabbda91c1b372effb230fa661bd0d316b61f27053db1a0ecc26aee057
007	image_007.png	01ae98796fed49bbb174bbf6d5b23371	image/png	69494	1398	751	b6b821c4d262b7cd21942a06d78df6d85838e8a2b477442eb8d5d6d727fa2eae
008	image_008.png	87e3c0dddd8d44558d3634f2bc62c7ad	image/png	87065	1057	805	f966fce5143182104de1179e3c66aa206ca0c4859b751d77cc6a3bace9941fb1
009	image_009.png	328a0041fc274236809273350eff72d5	image/png	114174	1389	688	e093cf191ab403bf82d929463d7fbc8ce558ad0ad6628fcb2d29ae594bde3f78
010	image_010.png	3a2289bc55874e649eb78d3ffbe63ec6	image/png	64738	1399	745	2ade5cf478e481e821fcd19164a0d6c48c0dfefe8f99e28d684fc6acc5766a7e
011	image_011.png	50dc423e616341c5a8bac9e1fbf2cb86	image/png	80352	1137	804	2c175184d81c0a02034fb8aa6d1c18d6f5d1e17cfe3c9f110aca54c7a7acacd5
012	image_012.png	b6a17e39287743308b711cfbd3bf0733	image/png	110666	1388	687	a6d7bfd638297f85157a90cfac5d5663fa4f98e968c53d5e53351f3bcc6beb89
013	image_013.png	dfe0b31f6ad045b183f0100667d31a99	image/png	66260	1392	753	6e9f4947077be263711f6e4c262e6d5c780ceeab5a6b8f89d594b2906b586432
014	image_014.png	4e4bd2af66d141b8b0e148fceddbe36f	image/png	62741	1395	686	9ff257f31deaade5943cc8d6582adf1ed68f4b6aa540cb6c4cde8cf8edd1ae4c
015	image_015.png	d9fd591d4ea44ae0a9f2e8e8c806cfb4	image/png	112192	1387	689	d1d9c899235b41a9220769b83a6760a6192cc6ecc62d8130405840542ea0b99f
016	image_016.png	690e52ef801c4715a14a526c66eb198c	image/png	1733630	1536	1024	6c2458f696f09c42b06953bbf0c8044fdccb1fd06faf709c7c613b052d52d247
017	image_017.png	44ec911374d04a5894cafee9620d27f4	image/png	57231	990	402	dbae880770e44145a3f34b47192b7dc54674bd490331032f6992285b129483eb
018	image_018.png	0bbda4758c144099aa8bc93a8ced37b5	image/png	28757	498	201	c7b7540b0d421e51cb0a81736122c4f44927be1965feab6d5747c59088c38569
019	image_019.png	f668feb7cf9344fba0cdec515fc3b281	image/png	29993	421	333	0b79f960e0e1000df0dee137ae494663cf7d4824b12652831b8318a1ed14052a
020	image_020.png	e0647dfdcee84dd1aaa3f7fe1b5ede76	image/png	45199	392	590	a74ef9beff6aa2c3033a23f2db16830fb3d05d013e430037dafe235c1003a443
021	image_021.png	630b0bb8252544cf9e20f4f4f5fd7892	image/png	53992	570	586	7abdda5e3bc097356ada7027d590d0ecdc293442d7f3fa43ed8a273b838d56ba
022	image_022.png	52ac2cace48c4e7aba378f839c00a99d	image/png	118960	602	1306	ae521091deebe1e2fafabb4f65c1183b56cdad463ffcaa4b4c39c87426d9f655
023	image_023.png	320feb91fc184dfca81dcfd8ff62df2b	image/png	59070	546	582	431cf2aaf29c3202dcfb417b39ea645e98945d000d0043d278a5041f60d91e52
024	image_024.png	4540eb55b8a14321a4d79cbf260b552a	image/png	45789	584	464	3b2f4a7040bec8e6dd742fe80c6d54cd032a628754200cdcddcce1d9b7481db4
025	image_025.png	c4d11cb681154e28a43413b68f642a34	image/png	171616	1760	732	49d713da14cdf6a5b8709a8cbf80ee94311f75dc833c3b128b301b0ad1a72d2a
026	image_026.png	f5481ed1302f4b62a02801ba5b05f2f5	image/png	35512	588	338	24f1670c436e1a101865a5fe93d7eb63f91fb99a136fe133051f8d2cdd62c026
027	image_027.png	36016a7f2ef14e8fb5ab54f101b4fa3a	image/png	57299	552	650	784041007498bfa3989488729008ccb6aa7903368d7cbc62b16503b5fc4edd02
028	image_028.png	7a9332248bbc4fedafab53acaec0ef79	image/png	300748	2162	868	05c3590c579514c536d5e8c1d74455283141a28eaf3fd09847dddb1bcf783406
029	image_029.png	94c79615423c44899991d29465b3a2f6	image/png	213330	598	596	72da5683021e45d8f216fac98e7f9d9cd01bb7eee802f5f18ceb70e95dfcc218
030	image_030.png	c5d50744e75a4e04a1cc1aaae3fa00d3	image/png	264102	1254	820	effeab40c5e6dd17d7b090cb99dcefc18dc3747f2ebe78a99d721dafa03f51b3
031	image_031.png	61853b9756e5416291946d19df36874f	image/png	52865	604	296	0f37c84cd7550834fa47761f824f520bbfdd730e61f454231c157ec5578d0125
032	image_032.png	fff0ac0b3f0a45a69288d73003510749	image/png	27386	503	275	5c38b08cf1ed60f640ee5b8b0332b16a30d2c2e018e537fe8836bdac485771f6
033	image_033.png	1460a910d732433f80ef1c81f0db32b4	image/png	16445	283	152	7eb2f350c1441c426a6ab9cbaf3499db7cd44e686d9fd28a594aa748ab0e428b
034	image_034.png	e5fca24adac44cdfbd3a6d4316294def	image/png	286933	1081	588	3638e4fdab62712c85d16895a86a37b03288fb6dade0c6eba79f46aef203274d
035	image_035.png	5e55fe2a91d549cb91688aa5ecad0a2b	image/png	456841	981	893	f58cdf5b1b512bd92b3af02e2976c6bf58bc82036017a5b377612ed1891af2b0
036	image_036.png	ac2357f4927049829ae24e5c69324ca2	image/png	251812	1074	624	3abc498ef7fb40c6aec59341199cc840f4c617c12ab5c2fbb923c872180f7ce9
037	image_037.png	b91058a81d0e45bdab6bd85acb4c9333	image/png	281716	1534	1156	e0c55c876a1af06ee08cbe2fece6abaaa19e395518adc9d91c792c2422e439c1
038	image_038.png	a65545c8cc4742b8a1f1c02a64f01ff9	image/png	48007	586	664	111d36b290b80e268f5194f90d339fd75aa88f9ce5f5c140db41f065c72ce3af
039	image_039.png	c80e3ce5102043d094aebf0aa0d4cca1	image/png	140069	1940	592	01042df03c163b4f0c02ff4f090f43d5660cd3d9d77b3fa6639ea317b7752b42
040	image_040.png	18f527966d014664a39abebe7efda1e1	image/png	348187	1157	786	5f1d6ba93e90cc3f7679b858e06de9072fe53181676748eb9b44fd88a2d448b9
041	image_041.png	2b25a5f698e44eeba75366ce7e250b09	image/png	342925	1153	768	b6d10bf9c140bfee479395629a7fd7482172dc09d741dfa82e56f8d6ce804170
042	image_042.png	11d38fee74e445bc8ceb97b6062f86ee	image/png	35804	954	272	9abd3dc7048758b1e1c2778f6ef013d531c44e47874c8904fb6d49643d8abf0c
043	image_043.png	b87aabd3b1614f25ba34d1264b0e70ad	image/png	746625	2136	1390	ae509db360f2ce271b5136534a62a66c37365402d31427a27c0fc997c83546eb
044	image_044.png	19cf8132de014968bdfd1d448c6ae3ae	image/png	99320	1080	536	da3808400797c4608b8154f676ee7025ed4586db59e479f9874eabef90ecf2d4
045	image_045.png	540b3dcd03fa475aa2a2573cc46c6965	image/png	841881	2130	1392	31c94690959773f9420055ae8fd48e196c23df03f984c723720b74af9788477d
046	image_046.png	3fd0343abae84c6aaddd04f227665f30	image/png	35276	1190	220	20070235841aafdf6ffb3e344e09f4ffef76881022036e4dd6a39b5112a4a6d9
047	image_047.png	b9cd466c82c44bbeb6360baabb2878c6	image/png	671335	2530	796	a8a80fd588f4938bc61f0acb2891e7a52fd776c1bacb92507348fe8809deb48a
048	image_048.png	763014a0660c4c39b3556cd67a4bd8a8	image/png	25346	963	174	f4cb712940c2ed1e7d11e9adc210b1c69fd258611b2bda5a838c4b864380eca1
049	image_049.png	ffc30e710e664e01be5985ff362b1b2c	image/png	165487	676	490	fdbbadb87ffde5581a25cdf143930c083b6d3d838f4e69eccb8648698096ffcd
050	image_050.png	45633b1a27f648478274de60ad8d0052	image/png	398061	1745	493	4bf6612bc7b66c9c98ca11e4b343fc958aa956c9c9a23ec795c9f3de98e1aa46
051	image_051.png	1613a5b9316140deac8bb5d664e19b00	image/png	108989	815	276	979d0dc62b7dcd48b07a80ac46d64082a661a5eb8e3996959559c1e038963259
052	image_052.png	66daaf74887d47ba95b9670eca8b3dba	image/png	147902	802	386	d608422590136d9237ccc60f137571bc860d0f6aeb2d4a6e93dddc89ad00282d
053	image_053.png	eabc1fdea3fb41398f0360d8dfa96b49	image/png	405402	1460	457	2c7f790d8f7e476b2b581bdd0023d50fc16d4bb5ce6b4b8dbac7b5bce9974c72
054	image_054.png	75c1a0f7bf7b4aaca77e217cb7d914c3	image/png	332473	1481	687	d54a714a36446729f33c8e680111ab56a48dcb4b2767496acb6fbe52815c398c
055	image_055.png	81afc07f86ae494f88b77d011b580fdc	image/png	66508	856	368	6ec727b1504b24e2ee0148a1853575fd9a0a6d543de9729272b243e8dc761889
056	image_056.png	42554ddadfc844b4a5416cc125b6a8de	image/png	147460	877	484	be812be457c5fcabde1ddde4f762da803329a22b10a1795765c916070b3f9feb
057	image_057.png	2f675af5df6c43b1aa142bbc93bfc8ee	image/png	360077	1706	480	f1d15f9967dae7a12f91e81944c1cf24504fc5ecccfc963288bee8bc9f6a16be
058	image_058.png	8afa5c336bad4bbb9888dd2b5624730e	image/png	139293	812	495	6abb73b8978cb16a18093e195311ff639f5cca0162d87747dbcbf86085188b83
059	image_059.png	7a6a207fc43f44d7b0bf1e600ac8feb3	image/png	247500	783	795	199d942954fabd852b7e8072d91b344c81605bc747f8c7eedea66096a839ec63
060	image_060.png	5bc25c3858f84529b23d6295410a5e00	image/png	577539	1122	1402	2546054df7a561696e3d5b5c376b458270098f4ac9c126174edfad61640f5ce4
061	image_061.png	c0bb05e1b56c49f89e294ddf67dc6818	image/png	35703	328	425	fbaa9355f1468f326556f794824dddf5d77114ba266264c506d784932f5fe467
062	image_062.png	b4d408e385f345c18ef1493748e110f2	image/png	300194	1624	969	f4f1be1622a29f04a5f250848a23eda9772d62c13e8697c1a4bd9cb4359d3291
063	image_063.png	f6e833039e4447afb662becb91652371	image/png	34185	304	293	3608e175d4e50efe78c3d90b609bd78044c23c75c76fd4e2aecd985227086084
064	image_064.png	29bfd605ee644bfdbccce46a31f894de	image/png	35147	874	464	ffa3b0247c0a294ff1aedff0011feaee94123d920ac899f779de48fc87c3c365
065	image_065.png	c1036c8d9fd34ab382382b56dacb448c	image/png	100452	1620	722	0d78d2ecc0900dead84b4d22d676c367a549aac495a100bb3e23911513ee3d9b
066	image_066.png	30aa1362b9d8468d9d176fa06f4a0944	image/png	69229	932	848	def2de9c0357ff8172c596cd4eaa2e66093eaa4cbc44645d11879e3bf5914314
067	image_067.png	baf579f0f7ca4df0891785d1339c5ae4	image/png	35734	874	464	de0069f911c2b6dae2045226bd31f14ae659fb454b785b0cb3d9b462477589fd
068	image_068.png	0d7c6d28d2ca4deebff72e0ca265049e	image/png	45310	456	784	6a0c743c63b32e8054dcb4456f737f536650626175bb30d0be37cedbf85bd928
069	image_069.png	7729645c36284bd288ab807e5a3d28f6	image/png	23469	553	134	38aa1ba0d64e27d4b781eb2eaa6f0a7483f7e03a739a0ecbd65e9fa829d8aaec
070	image_070.png	93d5fd37071846a985aab5cafa54a265	image/png	30118	861	140	e8006ce4381a06fd6ac0b6d33cd0eee7091711a9856ccf4d29470d7f1e0316d9
071	image_071.png	f8f288ba6c1e46d784999b443905ebfe	image/png	17743	292	229	ec9642a762a68e0e7570bc02aaebcef4c27cfdd957b94f3a4f4d5e300074b493
072	image_072.png	883a6a38eba9479ba8fca1098d04729a	image/png	15435	265	207	e53e54db8e849e04e32e7381b24f5d688fe97954c429d9fc127da9c85bcd533f
073	image_073.png	32fc4e616e7f4590bb8d6aa8b1550403	image/png	11043	336	169	febbb8200ae4ae35115572fe84ae2de3b8226e13df48ceb072fcaaa9c7cbd83c
074	image_074.png	de99faa3f31c45cbb6f78ea441309eca	image/png	80809	1173	471	c7c25b7749dc561b45431e0a3be0113a8d171f83f5fd5f6f507c5f66edda84b8
075	image_075.png	be590fd622a44bb0a056b2810117e96a	image/png	75928	791	500	f439865ae33fc09af72df3660e28f8a8ffee7942aa04b8ec8b3f01bbbd05f9d9
076	image_076.png	e1b5110a750041d68ff65d909fc455b1	image/png	134285	921	656	7bc32270120f484ffeb74a7473a5d57758df4cba2c5a250b91598b7867bbc511
077	image_077.png	5935d87fd2564326966731c2a0994665	image/png	252372	1408	998	e3278118dc31ed567c5acfe3178b8f593b7e8e2d7274c493b9d536062065eb19
078	image_078.png	8d2dcd2b51524a77b8831f1eb6d4c6b7	image/png	65299	1602	468	9f754d68ca4ddf6ca72a2fae403b715efc8c3869cf95358c55e3c69d4913361a
079	image_079.png	3bbe1055e7ee4c8283acd9dd0c7d719e	image/png	50689	1014	398	054253627bf4769206540f165cf8d1a1f82e5387e230178fbaf8a545d9115e85
080	image_080.png	91afe0918c36486c9a8d8b8d23ff91cc	image/png	10552	336	169	42d716461af79765b48dd04d60297bfe3ee5addb2906da68afed81c7e8c8a283
081	image_081.png	f8f8f728b7f54ee6b02644fd60915691	image/png	25274	513	194	07eb25a37ce8606362e3a2945e35964225e82d352ade832088f0510493e7db39
082	image_082.png	5bcefc8b08a94dd9b5ec67d8146aa4fe	image/png	20980	346	198	70f3778245b92f16a38b16d8c769ce3bf6f5a416502b312891b0824c552ea3d4
083	image_083.png	8b3f6aa7e2884e8d869ce99729566b51	image/png	55576	824	236	0e634f71a952049c63d8a9fbe613546e6cb192480973810dbd649a4b3ca30e6d
084	image_084.png	2424d76d1acc431582d1cb7fa633b211	image/png	1195719	3000	2600	6df890c1458ec738e4eaf6ae8e7d201581235b35b1c115f66e2d87fedb705ae3
085	image_085.png	f73036e59721405fa20aa3990b1d3fb3	image/png	31086	1192	206	276bcee8e41504c3654f164425760736098f43f5cdf5b7385344e4608b6fb746
086	image_086.png	8353eebd27934f3e8fb0e61a21b2c4ba	image/png	32233	814	280	f9c2bd230416f9dfdbbc740a2b55df40a7a1866dba0cc465bbbaa21b6e01c563
087	image_087.png	49385b9bab164455bd56e8c744932cb3	image/png	29981	954	268	52a14efb99183a10c6eb55cb6113102c2cea4cf9ce28fbd49d0d3bd2ff9f54d9
088	image_088.png	82aa23df126a4637bf413bc0a774c8b4	image/png	70545	2188	336	b205b3a95df61b5ce597c7dfa46e43f9c7e959c860d18b3bc401847675b4fb91
089	image_089.png	1154e71e256d4b68906c758d4453bb2e	image/png	165857	1600	1100	8874c674ffbf5ccc81bac5e51122cf274112ee973f5c8a1c96b7a1a4851a55b0
090	image_090.png	9966d7ede37847d88d64642ffe0bc3e5	image/png	22150	484	201	f8c9dfad9d5ffbe7913299cec44d5d28da9d1f36579bb6cde5f52bd7c1a7c682
091	image_091.png	c4f70d05a17c4323ac97fee1e4926b22	image/png	122192	1446	473	6abb6ff92356debe4241c2b7adac60f7ca906274c7853d05cde6c7d22faaa89f
092	image_092.png	a773c5d72cf44f819959d0b3e9edee7a	image/png	42854	636	398	6bf29a2f6a0c80ce7237521f36a22c2d7759878d52137e374c7b29a7ed464496
093	image_093.png	84df2a1fe71b48f89979f338522f3250	image/png	16876	251	263	c8eb527da8d6c46349edfba6b1c100c87c3ee0f582d335ac2fb4f720ec18e601
094	image_094.png	bc4c59248eb64c7a8034eee6ce241cbb	image/png	33301	452	359	3220e58700576e967cdd2ecd4dfe81ebf45667e4cbeb9f2cd65d6315788ab54f
095	image_095.png	d3ee62a694064293828443bc806b3357	image/png	53824	911	191	ae46712e4be665f01d1a7cd69de651ef5eac20a2de42390d800d01736b805105
096	image_096.png	cb97e33a15b64b24b8da754106585aad	image/png	112694	1262	553	3575bd365580ac3cbf94eea4f7045e021234bf0c6b044f4a1da400395138fc19
097	image_097.png	a22b65d277c44541a84bb374004dc134	image/png	46884	911	191	ce608d63a7079a53236f600d98f1ccc0ad36db953c3bca40ca172414e552dbaa
098	image_098.png	2d00c9ec69434de9a1d231d1c416b999	image/png	234761	2080	1280	c38fa1aa9666f358fc159628b988941e912d6fc39f93f78b428a44a4074f2eee
099	image_099.png	59ef081077bf465996ae01fc7bb94cd1	image/png	86504	2408	400	d23bcb7281a9c117125aa1a3f6085cbce4637c9fd879863c68020cc26dc2898a
100	image_100.png	430e6f3ea8eb4b57ac3a45f8e8692250	image/png	76957	1986	400	6fdc70394e08cd3664ccd6104f827208b70b82fd47a9f7a0182abcfa7ef5d2a5
101	image_101.png	bf885602fe7a46b180776d4135e3608b	image/png	464665	1904	1262	83a6cf39fe77fa882f41d60e4ae6844fe0096349c7c169134a69ea8aab50c912
102	image_102.png	8ebe1fce34a442b2a1274109ca5bde32	image/png	459271	1904	1262	0ffe9b3ac6c7ff5ca0530c1fe87fac3376020a8486d88553817755cc97e753f4
103	image_103.png	657531fdbe684bacac77ce155c4a037a	image/png	50450	1752	272	3918ff3c66cd9628098b32518790591bbb480562cbb62568d70f3cae12862926
104	image_104.png	a5a4d718d6be4205ac0611f9fd3a0361	image/png	50633	1810	264	6fe9eb18c7da6ea1901959d6802a2ce795670d005cb293479d27ecf52fba7bd5
105	image_105.png	b6560bc9b2114bb0b96cf3987192ff88	image/png	376345	2080	1280	0a2e5bc42f1a0b1c6964b63b024f40d98820dd1a5cc1066cee27018053ae8495
106	image_106.png	623ebf57ce7342d8a1d40c0732c3a1cd	image/png	382533	2080	1280	eed910e24cdcf132fe95d8d55cdc662122fdacc4bacb6aa41c23383d05e8173c
107	image_107.png	fe3fb7de658f466f8f85d83da14a11f8	image/png	48331	1622	270	a29b8d173f9932f1abb619c0aeb0a53d0c19a71ba24f9685d17b0748d34eacc9
108	image_108.png	068acf9e3d274e22a18a229d4d2b0af6	image/png	41437	1258	272	625945fbb629d897e895d963f70f39a021105b3e87ba96435dc6968e22a940a5
109	image_109.png	d7bb78954ce14669b37e726c2b0e5c3f	image/png	32520	390	324	b3291a550e1354bef6e7182ad3e41a25a6068e7656f3dfca8b92ead2104965bd
110	image_110.png	69d9a2be2a9b4d8ca80bdf37c1295956	image/png	32219	541	199	f4498268d2b3918fa418471d0cead20ef5f8ae93d099361787a82264de6dbed6
111	image_111.png	9743acdf8e824e6fa151fe83a31ff6e3	image/png	29104	882	135	65f58994828a92cbe38b3e7e9587c970376a377e2ce8fab35d360b8f714bf49a
112	image_112.png	e6198129ead14eee8852c6ec5c2d7c29	image/png	292907	1212	685	ce07da0251b7a877010525cc907c09a2d2b260122bf4c7fbcb59f84d422f573d
113	image_113.png	b265a7b5ed30451b987e46f8908fd3a4	image/png	238803	1207	682	263402a80b8b6fe9ba8891a2e72ba2ba53c56f862b797e911719676509c83d86
114	image_114.png	51279bd00348410ab5572b9f89b55b82	image/png	78461	1459	373	285e97383c6fef2e92dc5a05d32580212257359880f68d06c686225447854558
115	image_115.png	f31d2896dd324b35aeb9f992192a40cd	image/png	303447	1896	934	40bcd556c01afc3b40079f3bba492593871b22e246d20ec9909abbb8ce5a84e8
116	image_116.png	254133288dd3475e9acbe68e752133b7	image/png	327656	2186	1038	0a28c0e40a61530b7b0680def582b3c91f94e27b14075943f73b7978b4d5c80c
117	image_117.png	e123f5fe4e504d01bf15f60c6bc1a4c3	image/png	41168	298	325	ae6ea1c1d4c43b50e25095bc6f65f8ccc8ffcc0600134e35787183b76c3cf3b9
118	image_118.png	64e89ef9c8cf4f54b20cf9b6fbadac37	image/png	19878	346	198	e163db5b5ed13cefc5b7b78465154b4eec66c4fb695a007e743e939a722efcb7
119	image_119.png	b3538d9b724c4c5dad7699e2e2b79268	image/png	54252	970	492	707e490d7ef2faca22b3df205a9d926c0327aefb48a4ee52f092981fa25c8e93
